Workbook

Sheet Data
A1: Region | B1: Product | C1: Units | D1: Price
A2: North | B2: A | C2: 10 | D2: 1.5
A3: South | B3: B | C3: 20 | D3: 2.25
A4: North | B4: A | C4: 30 | D4: 1.5
A5: South | B5: C | C5: 40 | D5: 3
A6: North | B6: B | C6: 50 | D6: 2.25
A7: South | B7: A | C7: 60 | D7: 1.5
A8: North | B8: C | C8: 70 | D8: 3
A9: South | B9: B | C9: 80 | D9: 2.25
A10: North | B10: A | C10: 90 | D10: 1.5
A11: South | B11: C | C11: 100 | D11: 3
A12: North | C12: 110 | D12: 1.5
A13: South | B13: B | C13: #N/A | D13: 2.25

Sheet G
A1: GROUPBY(Data!A2:A13,Data!C2:C13,SUM) | B1: {=_xlfn.GROUPBY(Data!A2:A13,Data!C2:C13,_xleta.SUM)} -> North | C1: 360
B2: South | C2: #N/A
B3: Total | C3: #N/A
A26: GROUPBY(Data!A1:A13,Data!C1:C13,SUM,0) | B26: {=_xlfn.GROUPBY(Data!A1:A13,Data!C1:C13,_xleta.SUM,0)} -> North | C26: 360
B27: Region | C27: 0
B28: South | C28: #N/A
B29: Total | C29: #N/A
A51: GROUPBY(Data!A1:A13,Data!C1:C13,SUM,1) | B51: {=_xlfn.GROUPBY(Data!A1:A13,Data!C1:C13,_xleta.SUM,1)} -> North | C51: 360
B52: South | C52: #N/A
B53: Total | C53: #N/A
A76: GROUPBY(Data!A1:A13,Data!C1:C13,SUM,2) | B76: {=_xlfn.GROUPBY(Data!A1:A13,Data!C1:C13,_xleta.SUM,2)} -> Row Field 1 | C76: Value 1
B77: North | C77: 360
B78: Region | C78: 0
B79: South | C79: #N/A
B80: Total | C80: #N/A
A101: GROUPBY(Data!A1:A13,Data!C1:C13,SUM,3) | B101: {=_xlfn.GROUPBY(Data!A1:A13,Data!C1:C13,_xleta.SUM,3)} -> Region | C101: Units
B102: North | C102: 360
B103: South | C103: #N/A
B104: Total | C104: #N/A
A126: GROUPBY(Data!A1:A13,Data!C1:C13,SUM) | B126: {=_xlfn.GROUPBY(Data!A1:A13,Data!C1:C13,_xleta.SUM)} -> North | C126: 360
B127: South | C127: #N/A
B128: Total | C128: #N/A
A151: GROUPBY(Data!A2:B13,Data!C2:C13,SUM,0,-2) | B151: {=_xlfn.GROUPBY(Data!A2:B13,Data!C2:C13,_xleta.SUM,0,-2)} -> Grand Total | D151: #N/A
B152: North | D152: 360
B153: North | C153: A | D153: 130
B154: North | C154: B | D154: 50
B155: North | C155: C | D155: 70
B156: North | C156: 0 | D156: 110
B157: South | D157: #N/A
B158: South | C158: A | D158: 60
B159: South | C159: B | D159: #N/A
B160: South | C160: C | D160: 140
A176: GROUPBY(Data!A2:B13,Data!C2:C13,SUM,0,-1) | B176: {=_xlfn.GROUPBY(Data!A2:B13,Data!C2:C13,_xleta.SUM,0,-1)} -> Total | D176: #N/A
B177: North | C177: A | D177: 130
B178: North | C178: B | D178: 50
B179: North | C179: C | D179: 70
B180: North | C180: 0 | D180: 110
B181: South | C181: A | D181: 60
B182: South | C182: B | D182: #N/A
B183: South | C183: C | D183: 140
A201: GROUPBY(Data!A2:B13,Data!C2:C13,SUM,0,0) | B201: {=_xlfn.GROUPBY(Data!A2:B13,Data!C2:C13,_xleta.SUM,0,0)} -> North | C201: A | D201: 130
B202: North | C202: B | D202: 50
B203: North | C203: C | D203: 70
B204: North | C204: 0 | D204: 110
B205: South | C205: A | D205: 60
B206: South | C206: B | D206: #N/A
B207: South | C207: C | D207: 140
A226: GROUPBY(Data!A2:B13,Data!C2:C13,SUM,0,1) | B226: {=_xlfn.GROUPBY(Data!A2:B13,Data!C2:C13,_xleta.SUM,0,1)} -> North | C226: A | D226: 130
B227: North | C227: B | D227: 50
B228: North | C228: C | D228: 70
B229: North | C229: 0 | D229: 110
B230: South | C230: A | D230: 60
B231: South | C231: B | D231: #N/A
B232: South | C232: C | D232: 140
B233: Total | D233: #N/A
A251: GROUPBY(Data!A2:B13,Data!C2:C13,SUM,0,2) | B251: {=_xlfn.GROUPBY(Data!A2:B13,Data!C2:C13,_xleta.SUM,0,2)} -> North | C251: A | D251: 130
B252: North | C252: B | D252: 50
B253: North | C253: C | D253: 70
B254: North | C254: 0 | D254: 110
B255: North | D255: 360
B256: South | C256: A | D256: 60
B257: South | C257: B | D257: #N/A
B258: South | C258: C | D258: 140
B259: South | D259: #N/A
B260: Grand Total | D260: #N/A
A276: GROUPBY(Data!A2:B13,Data!C2:C13,SUM) | B276: {=_xlfn.GROUPBY(Data!A2:B13,Data!C2:C13,_xleta.SUM)} -> North | C276: A | D276: 130
B277: North | C277: B | D277: 50
B278: North | C278: C | D278: 70
B279: North | C279: 0 | D279: 110
B280: South | C280: A | D280: 60
B281: South | C281: B | D281: #N/A
B282: South | C282: C | D282: 140
B283: Total | D283: #N/A
A301: GROUPBY(Data!A1:A13,Data!C1:C13,SUM,3,2) | B301: {=_xlfn.GROUPBY(Data!A1:A13,Data!C1:C13,_xleta.SUM,3,2)} -> #VALUE!
A326: GROUPBY(Data!A2:A13,Data!C2:C13,SUM,0,1,-1) | B326: {=_xlfn.GROUPBY(Data!A2:A13,Data!C2:C13,_xleta.SUM,0,1,-1)} -> South | C326: #N/A
B327: North | C327: 360
B328: Total | C328: #N/A
A351: GROUPBY(Data!A2:A13,Data!C2:C13,SUM,0,1,2) | B351: {=_xlfn.GROUPBY(Data!A2:A13,Data!C2:C13,_xleta.SUM,0,1,2)} -> North | C351: 360
B352: South | C352: #N/A
B353: Total | C353: #N/A
A376: GROUPBY(Data!A2:A13,Data!C2:C13,SUM,0,1,-2) | B376: {=_xlfn.GROUPBY(Data!A2:A13,Data!C2:C13,_xleta.SUM,0,1,-2)} -> South | C376: #N/A
B377: North | C377: 360
B378: Total | C378: #N/A
A401: GROUPBY(Data!A2:B13,Data!C2:C13,SUM,0,1,{1,-2}) | B401: {=_xlfn.GROUPBY(Data!A2:B13,Data!C2:C13,_xleta.SUM,0,1,{1,-2})} -> North | C401: C | D401: 70
B402: North | C402: B | D402: 50
B403: North | C403: A | D403: 130
B404: North | C404: 0 | D404: 110
B405: South | C405: C | D405: 140
B406: South | C406: B | D406: #N/A
B407: South | C407: A | D407: 60
B408: Total | D408: #N/A
A426: GROUPBY(Data!A2:B13,Data!C2:C13,SUM,0,1,{-1,3}) | B426: {=_xlfn.GROUPBY(Data!A2:B13,Data!C2:C13,_xleta.SUM,0,1,{-1,3})} -> #VALUE!
A451: GROUPBY(Data!A2:A13,Data!C2:C13,SUM,0,1,1,Data!A2:A13="North") | B451: {=_xlfn.GROUPBY(Data!A2:A13,Data!C2:C13,_xleta.SUM,0,1,1,Data!A2:A13="North")} -> North | C451: 360
B452: Total | C452: 360
A476: GROUPBY(Data!A2:B13,Data!C2:C13,SUM,0,1,,,1) | B476: {=_xlfn.GROUPBY(Data!A2:B13,Data!C2:C13,_xleta.SUM,0,1,,,1)} -> North | C476: A | D476: 130
B477: North | C477: B | D477: 50
B478: North | C478: C | D478: 70
B479: North | C479: 0 | D479: 110
B480: South | C480: A | D480: 60
B481: South | C481: B | D481: #N/A
...

Sheet P
A1: PIVOTBY(Data!A2:A13,Data!B2:B13,Data!C2:C13,SUM) | B1: {=_xlfn.PIVOTBY(Data!A2:A13,Data!B2:B13,Data!C2:C13,_xleta.SUM)} | C1: A | D1: B | E1: C | F1: 0 | G1: Total
B2: North | C2: 130 | D2: 50 | E2: 70 | F2: 110 | G2: 360
B3: South | C3: 60 | D3: #N/A | E3: 140 | G3: #N/A
B4: Total | C4: 190 | D4: #N/A | E4: 210 | F4: 110 | G4: #N/A
A26: PIVOTBY(Data!A1:A13,Data!B1:B13,Data!C1:C13,SUM,0) | B26: {=_xlfn.PIVOTBY(Data!A1:A13,Data!B1:B13,Data!C1:C13,_xleta.SUM,0)} | C26: A | D26: B | E26: C | F26: Product | G26: 0 | H26: Total
B27: North | C27: 130 | D27: 50 | E27: 70 | G27: 110 | H27: 360
B28: Region | F28: 0 | H28: 0
B29: South | C29: 60 | D29: #N/A | E29: 140 | H29: #N/A
B30: Total | C30: 190 | D30: #N/A | E30: 210 | F30: 0 | G30: 110 | H30: #N/A
A51: PIVOTBY(Data!A1:A13,Data!B1:B13,Data!C1:C13,SUM,1) | B51: {=_xlfn.PIVOTBY(Data!A1:A13,Data!B1:B13,Data!C1:C13,_xleta.SUM,1)} | C51: A | D51: B | E51: C | F51: 0 | G51: Total
B52: North | C52: 130 | D52: 50 | E52: 70 | F52: 110 | G52: 360
B53: South | C53: 60 | D53: #N/A | E53: 140 | G53: #N/A
B54: Total | C54: 190 | D54: #N/A | E54: 210 | F54: 110 | G54: #N/A
A76: PIVOTBY(Data!A1:A13,Data!B1:B13,Data!C1:C13,SUM,2) | B76: {=_xlfn.PIVOTBY(Data!A1:A13,Data!B1:B13,Data!C1:C13,_xleta.SUM,2)} | C76: Column Field 1
C77: A | D77: B | E77: C | F77: Product | G77: 0 | H77: Total
B78: Row Field 1 | C78: Value 1 | D78: Value 1 | E78: Value 1 | F78: Value 1 | G78: Value 1 | H78: Value 1
B79: North | C79: 130 | D79: 50 | E79: 70 | G79: 110 | H79: 360
B80: Region | F80: 0 | H80: 0
B81: South | C81: 60 | D81: #N/A | E81: 140 | H81: #N/A
B82: Total | C82: 190 | D82: #N/A | E82: 210 | F82: 0 | G82: 110 | H82: #N/A
A101: PIVOTBY(Data!A1:A13,Data!B1:B13,Data!C1:C13,SUM,3) | B101: {=_xlfn.PIVOTBY(Data!A1:A13,Data!B1:B13,Data!C1:C13,_xleta.SUM,3)} | C101: Product
C102: A | D102: B | E102: C | F102: 0 | G102: Total
B103: Region | C103: Units | D103: Units | E103: Units | F103: Units | G103: Units
B104: North | C104: 130 | D104: 50 | E104: 70 | F104: 110 | G104: 360
B105: South | C105: 60 | D105: #N/A | E105: 140 | G105: #N/A
B106: Total | C106: 190 | D106: #N/A | E106: 210 | F106: 110 | G106: #N/A
A126: PIVOTBY(Data!A2:A13,Data!B2:B13,Data!D2:D13,SUM,0,0) | B126: {=_xlfn.PIVOTBY(Data!A2:A13,Data!B2:B13,Data!D2:D13,_xleta.SUM,0,0)} | C126: A | D126: B | E126: C | F126: 0 | G126: Total
B127: North | C127: 4.5 | D127: 2.25 | E127: 3 | F127: 1.5 | G127: 11.25
B128: South | C128: 1.5 | D128: 6.75 | E128: 6 | G128: 14.25
A151: PIVOTBY(Data!A2:A13,Data!B2:B13,Data!D2:D13,SUM,0,-1) | B151: {=_xlfn.PIVOTBY(Data!A2:A13,Data!B2:B13,Data!D2:D13,_xleta.SUM,0,-1)} | C151: A | D151: B | E151: C | F151: 0 | G151: Total
B152: Total | C152: 6 | D152: 9 | E152: 9 | F152: 1.5 | G152: 25.5
B153: North | C153: 4.5 | D153: 2.25 | E153: 3 | F153: 1.5 | G153: 11.25
B154: South | C154: 1.5 | D154: 6.75 | E154: 6 | G154: 14.25
A176: PIVOTBY(Data!A2:A13,Data!B2:B13,Data!D2:D13,SUM,0,2) | B176: {=_xlfn.PIVOTBY(Data!A2:A13,Data!B2:B13,Data!D2:D13,_xleta.SUM,0,2)} -> #VALUE!
A201: PIVOTBY(Data!A2:A13,Data!B2:B13,Data!D2:D13,SUM,0,1,,0) | B201: {=_xlfn.PIVOTBY(Data!A2:A13,Data!B2:B13,Data!D2:D13,_xleta.SUM,0,1,,0)} | C201: A | D201: B | E201: C | F201: 0
B202: North | C202: 4.5 | D202: 2.25 | E202: 3 | F202: 1.5
B203: South | C203: 1.5 | D203: 6.75 | E203: 6
B204: Total | C204: 6 | D204: 9 | E204: 9 | F204: 1.5
A226: PIVOTBY(Data!A2:A13,Data!B2:B13,Data!D2:D13,SUM,0,1,,-1) | B226: {=_xlfn.PIVOTBY(Data!A2:A13,Data!B2:B13,Data!D2:D13,_xleta.SUM,0,1,,-1)} | C226: Total | D226: A | E226: B | F226: C | G226: 0
B227: North | C227: 11.25 | D227: 4.5 | E227: 2.25 | F227: 3 | G227: 1.5
B228: South | C228: 14.25 | D228: 1.5 | E228: 6.75 | F228: 6
B229: Total | C229: 25.5 | D229: 6 | E229: 9 | F229: 9 | G229: 1.5
A251: PIVOTBY(Data!A2:A13,Data!B2:B13,Data!D2:D13,SUM,0,1,-1) | B251: {=_xlfn.PIVOTBY(Data!A2:A13,Data!B2:B13,Data!D2:D13,_xleta.SUM,0,1,-1)} | C251: A | D251: B | E251: C | F251: 0 | G251: Total
B252: South | C252: 1.5 | D252: 6.75 | E252: 6 | G252: 14.25
B253: North | C253: 4.5 | D253: 2.25 | E253: 3 | F253: 1.5 | G253: 11.25
B254: Total | C254: 6 | D254: 9 | E254: 9 | F254: 1.5 | G254: 25.5
A276: PIVOTBY(Data!A2:A13,Data!B2:B13,Data!D2:D13,SUM,0,1,1,1,-1) | B276: {=_xlfn.PIVOTBY(Data!A2:A13,Data!B2:B13,Data!D2:D13,_xleta.SUM,0,1,1,1,-1)} | C276: C | D276: B | E276: A | F276: 0 | G276: Total
B277: North | C277: 3 | D277: 2.25 | E277: 4.5 | F277: 1.5 | G277: 11.25
B278: South | C278: 6 | D278: 6.75 | E278: 1.5 | G278: 14.25
B279: Total | C279: 9 | D279: 9 | E279: 6 | F279: 1.5 | G279: 25.5
A301: PIVOTBY(Data!A2:A13,Data!B2:B13,Data!D2:D13,PERCENTOF,0,1,1,1,1,,0) | B301: {=_xlfn.PIVOTBY(Data!A2:A13,Data!B2:B13,Data!D2:D13,_xleta.PERCENTOF,0,1,1,1,1,,0)} | C301: A | D301: B | E301: C | F301: 0 | G301: Total
B302: North | C302: 0.75 | D302: 0.25 | E302: 0.33333333 | F302: 1 | G302: 0.44117647
B303: South | C303: 0.25 | D303: 0.75 | E303: 0.66666667 | G303: 0.55882353
B304: Total | C304: 1 | D304: 1 | E304: 1 | F304: 1 | G304: 1
A326: PIVOTBY(Data!A2:A13,Data!B2:B13,Data!D2:D13,PERCENTOF,0,1,1,1,1,,1) | B326: {=_xlfn.PIVOTBY(Data!A2:A13,Data!B2:B13,Data!D2:D13,_xleta.PERCENTOF,0,1,1,1,1,,1)} | C326: A | D326: B | E326: C | F326: 0 | G326: Total
B327: North | C327: 0.4 | D327: 0.2 | E327: 0.26666667 | F327: 0.13333333 | G327: 1
B328: South | C328: 0.10526316 | D328: 0.47368421 | E328: 0.42105263 | G328: 1
B329: Total | C329: 0.23529412 | D329: 0.35294118 | E329: 0.35294118 | F329: 0.058823529 | G329: 1
A351: PIVOTBY(Data!A2:A13,Data!B2:B13,Data!D2:D13,PERCENTOF,0,1,1,1,1,,2) | B351: {=_xlfn.PIVOTBY(Data!A2:A13,Data!B2:B13,Data!D2:D13,_xleta.PERCENTOF,0,1,1,1,1,,2)} | C351: A | D351: B | E351: C | F351: 0 | G351: Total
B352: North | C352: 0.17647059 | D352: 0.088235294 | E352: 0.11764706 | F352: 0.058823529 | G352: 0.44117647
B353: South | C353: 0.058823529 | D353: 0.26470588 | E353: 0.23529412 | G353: 0.55882353
B354: Total | C354: 0.23529412 | D354: 0.35294118 | E354: 0.35294118 | F354: 0.058823529 | G354: 1
A376: PIVOTBY(Data!A2:A13,Data!B2:B13,Data!D2:D13,PERCENTOF,0,1,1,1,1,,3) | B376: {=_xlfn.PIVOTBY(Data!A2:A13,Data!B2:B13,Data!D2:D13,_xleta.PERCENTOF,0,1,1,1,1,,3)} | C376: A | D376: B | E376: C | F376: 0 | G376: Total
B377: North | C377: 0.4 | D377: 0.2 | E377: 0.26666667 | F377: 0.13333333 | G377: 1
B378: South | C378: 0.10526316 | D378: 0.47368421 | E378: 0.42105263 | G378: 1
B379: Total | C379: 0.23529412 | D379: 0.35294118 | E379: 0.35294118 | F379: 0.058823529 | G379: 1
A401: PIVOTBY(Data!A2:A13,Data!B2:B13,Data!D2:D13,PERCENTOF,0,1,1,1,1,,4) | B401: {=_xlfn.PIVOTBY(Data!A2:A13,Data!B2:B13,Data!D2:D13,_xleta.PERCENTOF,0,1,1,1,1,,4)} | C401: A | D401: B | E401: C | F401: 0 | G401: Total
B402: North | C402: 0.75 | D402: 0.25 | E402: 0.33333333 | F402: 1 | G402: 0.44117647
B403: South | C403: 0.25 | D403: 0.75 | E403: 0.66666667 | G403: 0.55882353
B404: Total | C404: 1 | D404: 1 | E404: 1 | F404: 1 | G404: 1
A426: PIVOTBY(Data!A2:A13,Data!B2:B13,Data!D2:D13,SUM,0,1,1,1,1,Data!A2:A13="North") | B426: {=_xlfn.PIVOTBY(Data!A2:A13,Data!B2:B13,Data!D2:D13,_xleta.SUM,0,1,1,1,1,Data!A2:A13="North")} | C426: A | D426: B | E426: C | F426: 0 | G426: Total
B427: North | C427: 4.5 | D427: 2.25 | E427: 3 | F427: 1.5 | G427: 11.25
B428: Total | C428: 4.5 | D428: 2.25 | E428: 3 | F428: 1.5 | G428: 11.25
A451: PIVOTBY(Data!A2:A13,Data!B2:B13,Data!C2:D13,SUM) | B451: {=_xlfn.PIVOTBY(Data!A2:A13,Data!B2:B13,Data!C2:D13,_xleta.SUM)} -> #VALUE!
A476: PIVOTBY(Data!A2:B13,Data!A2:A13,Data!D2:D13,SUM) | B476: {=_xlfn.PIVOTBY(Data!A2:B13,Data!A2:A13,Data!D2:D13,_xleta.SUM)} | D476: North | E476: South | F476: Total
B477: North | C477: A | D477: 4.5 | F477: 4.5
B478: North | C478: B | D478: 2.25 | F478: 2.25
B479: North | C479: C | D479: 3 | F479: 3
B480: North | C480: 0 | D480: 1.5 | F480: 1.5
B481: South | C481: A | E481: 1.5 | F481: 1.5
B482: South | C482: B | E482: 6.75 | F482: 6.75
B483: South | C483: C | E483: 6 | F483: 6
B484: Total | D484: 11.25 | E484: 14.25 | F484: 25.5
A501: PIVOTBY(Data!A2:A13,Data!B2:B13,Data!D2:D13,AVERAGE) | B501: {=_xlfn.PIVOTBY(Data!A2:A13,Data!B2:B13,Data!D2:D13,_xleta.AVERAGE)} | C501: A | D501: B | E501: C | F501: 0 | G501: Total
B502: North | C502: 1.5 | D502: 2.25 | E502: 3 | F502: 1.5 | G502: 1.875
B503: South | C503: 1.5 | D503: 2.25 | E503: 3 | G503: 2.375
B504: Total | C504: 1.5 | D504: 2.25 | E504: 3 | F504: 1.5 | G504: 2.125
A526: PIVOTBY(Data!A2:A13,Data!B2:B12,Data!D2:D13,SUM) | B526: {=_xlfn.PIVOTBY(Data!A2:A13,Data!B2:B12,Data!D2:D13,_xleta.SUM)} -> #VALUE!
A551: PIVOTBY(Data!A2:A13,Data!B2:B13,Data!D2:D13,SUM,0,1,1,1,1,,9) | B551: {=_xlfn.PIVOTBY(Data!A2:A13,Data!B2:B13,Data!D2:D13,_xleta.SUM,0,1,1,1,1,,9)} -> #VALUE!

Sheet Pct
A1: PERCENTOF(Data!D2:D7,Data!D2:D13) | B1: {=_xlfn.PERCENTOF(Data!D2:D7,Data!D2:D13)} -> 0.47058824
A26: PERCENTOF(Data!C2:C13,Data!C2:C13) | B26: {=_xlfn.PERCENTOF(Data!C2:C13,Data!C2:C13)} -> #NUM!
A51: PERCENTOF(Data!B2:B4,Data!D2:D4) | B51: {=_xlfn.PERCENTOF(Data!B2:B4,Data!D2:D4)} -> 0
A76: PERCENTOF({1,2},{0,0}) | B76: {=_xlfn.PERCENTOF({1,2},{0,0})} -> #DIV/0!
A101: PERCENTOF(5,10) | B101: {=_xlfn.PERCENTOF(5,10)} -> 0.5
A126: PERCENTOF(Data!D2:D7,Data!C2:C11) | B126: {=_xlfn.PERCENTOF(Data!D2:D7,Data!C2:C11)} -> 0.021818182
