Workbook

Sheet Wordle
N1: Word of the day (auto)
F2: WORDLE | N2: {=INDEX(_xlfn._xlws.FILTER(Words!$A$2:$A$1002,Words!$B$2:$B$1002=TRUE),MOD(TODAY()-DATE(2024,1,1),Words!$C$2)+1)} -> SOUTH
A4: added by SharpCell
R6: =Engine!A3 | S6: =Engine!B3 | T6: =Engine!C3 | U6: =Engine!D3 | V6: =Engine!E3 | W6: =Engine!G3 | X6: =Engine!H3 | Y6: =Engine!I3 | Z6: =Engine!J3 | AA6: =Engine!K3
R7: =Engine!A6 | S7: =Engine!B6 | T7: =Engine!C6 | U7: =Engine!D6 | V7: =Engine!E6 | W7: =Engine!G6 | X7: =Engine!H6 | Y7: =Engine!I6 | Z7: =Engine!J6 | AA7: =Engine!K6
R8: =Engine!A7 | S8: =Engine!B7 | T8: =Engine!C7 | U8: =Engine!D7 | V8: =Engine!E7 | W8: =Engine!G7 | X8: =Engine!H7 | Y8: =Engine!I7 | Z8: =Engine!J7 | AA8: =Engine!K7
R9: =Engine!A8 | S9: =Engine!B8 | T9: =Engine!C8 | U9: =Engine!D8 | V9: =Engine!E8 | W9: =Engine!G8 | X9: =Engine!H8 | Y9: =Engine!I8 | Z9: =Engine!J8 | AA9: =Engine!K8
R10: =Engine!A9 | S10: =Engine!B9 | T10: =Engine!C9 | U10: =Engine!D9 | V10: =Engine!E9 | W10: =Engine!G9 | X10: =Engine!H9 | Y10: =Engine!I9 | Z10: =Engine!J9 | AA10: =Engine!K9
R11: =Engine!A10 | S11: =Engine!B10 | T11: =Engine!C10 | U11: =Engine!D10 | V11: =Engine!E10 | W11: =Engine!G10 | X11: =Engine!H10 | Y11: =Engine!I10 | Z11: =Engine!J10 | AA11: =Engine!K10
F13: =IF(OR(COUNTIF(R6:V6,TRUE)=5,COUNTIF(R7:V7,TRUE)=5,COUNTIF(R8:V8,TRUE)=5,COUNTIF(R9:V9,TRUE)=5,COUNTIF(R10:V10,TRUE)=5,COUNTIF(R11:V11,TRUE)=5),"🎉 Correct! Well done!",IF(AND(NOT(OR(COUNTIF(R6:V6,TRUE)=5,COUNTIF(R7:V7,TRUE)=5,COUNTIF(R8:V8,TRUE)=5,COUNTIF(R9:V9,TRUE)=5,COUNTIF(R10:V10,TRUE)=5,COUNTIF(R11:V11,TRUE)=5)),D11<>""),"Game over — the word was "&UPPER($N$2),"Guess "&COUNTA(D6:D11)+1&" of 6")) -> Guess 1 of 6
B15: Q | C15: W | D15: E | E15: R | F15: T | G15: Y | H15: U | I15: I | J15: O | K15: P
B16: A | C16: S | D16: D | E16: F | F16: G | G16: H | H16: J | I16: K | J16: L
C17: Z | D17: X | E17: C | F17: V | G17: B | H17: N | I17: M
F19: Type one UPPERCASE letter per cell · Green = right spot · Yellow = wrong spot · Grey = not in word
F20: Word changes daily · See the Words sheet to add more words

Sheet Words
A1: Word List | B1: Valid? | C1: Valid words | D1: (exactly 5 letters)
A2: CRANE | B2: =IF(A2="","",_xlfn.REGEXTEST(A2,"^[A-Z]{5}$")) -> TRUE | C2: =COUNTIF(B2:B1002,TRUE) -> 365
A3: SLATE | B3: =IF(A3="","",_xlfn.REGEXTEST(A3,"^[A-Z]{5}$")) -> TRUE
A6: TRACE | B6: =IF(A6="","",_xlfn.REGEXTEST(A6,"^[A-Z]{5}$")) -> TRUE
A7: CRATE | B7: =IF(A7="","",_xlfn.REGEXTEST(A7,"^[A-Z]{5}$")) -> TRUE
A8: STORE | B8: =IF(A8="","",_xlfn.REGEXTEST(A8,"^[A-Z]{5}$")) -> TRUE
A9: SNARE | B9: =IF(A9="","",_xlfn.REGEXTEST(A9,"^[A-Z]{5}$")) -> TRUE
A10: STARE | B10: =IF(A10="","",_xlfn.REGEXTEST(A10,"^[A-Z]{5}$")) -> TRUE
A11: SHARE | B11: =IF(A11="","",_xlfn.REGEXTEST(A11,"^[A-Z]{5}$")) -> TRUE
A12: SPARE | B12: =IF(A12="","",_xlfn.REGEXTEST(A12,"^[A-Z]{5}$")) -> TRUE
A13: SAUCE | B13: =IF(A13="","",_xlfn.REGEXTEST(A13,"^[A-Z]{5}$")) -> TRUE
A14: PLACE | B14: =IF(A14="","",_xlfn.REGEXTEST(A14,"^[A-Z]{5}$")) -> TRUE
A15: GRACE | B15: =IF(A15="","",_xlfn.REGEXTEST(A15,"^[A-Z]{5}$")) -> TRUE
A16: BRAVE | B16: =IF(A16="","",_xlfn.REGEXTEST(A16,"^[A-Z]{5}$")) -> TRUE
... A368: CIVIC | B368: =IF(A368="","",_xlfn.REGEXTEST(A368,"^[A-Z]{5}$")) -> TRUE
B369: =IF(A369="","",_xlfn.REGEXTEST(A369,"^[A-Z]{5}$"))
B370: =IF(A370="","",_xlfn.REGEXTEST(A370,"^[A-Z]{5}$"))
B371: =IF(A371="","",_xlfn.REGEXTEST(A371,"^[A-Z]{5}$"))
B372: =IF(A372="","",_xlfn.REGEXTEST(A372,"^[A-Z]{5}$"))
B373: =IF(A373="","",_xlfn.REGEXTEST(A373,"^[A-Z]{5}$"))
B374: =IF(A374="","",_xlfn.REGEXTEST(A374,"^[A-Z]{5}$"))
B375: =IF(A375="","",_xlfn.REGEXTEST(A375,"^[A-Z]{5}$"))
B376: =IF(A376="","",_xlfn.REGEXTEST(A376,"^[A-Z]{5}$"))
B377: =IF(A377="","",_xlfn.REGEXTEST(A377,"^[A-Z]{5}$"))
B378: =IF(A378="","",_xlfn.REGEXTEST(A378,"^[A-Z]{5}$"))
B379: =IF(A379="","",_xlfn.REGEXTEST(A379,"^[A-Z]{5}$"))
B380: =IF(A380="","",_xlfn.REGEXTEST(A380,"^[A-Z]{5}$"))
... B662: =IF(A662="","",_xlfn.REGEXTEST(A662,"^[A-Z]{5}$"))

Sheet Engine
A1: Wordle helper engine — do not edit. Cols A-E = right spot, G-K = wrong spot, rows 3-8 = guesses 1-6.
A3: =IF(Wordle!D6="","",UPPER(Wordle!D6)=MID(UPPER(Wordle!$N$2),1,1)) | B3: =IF(Wordle!E6="","",UPPER(Wordle!E6)=MID(UPPER(Wordle!$N$2),2,1)) | C3: =IF(Wordle!F6="","",UPPER(Wordle!F6)=MID(UPPER(Wordle!$N$2),3,1)) | D3: =IF(Wordle!G6="","",UPPER(Wordle!G6)=MID(UPPER(Wordle!$N$2),4,1)) | E3: =IF(Wordle!H6="","",UPPER(Wordle!H6)=MID(UPPER(Wordle!$N$2),5,1)) | G3: =IF(Wordle!D6="","",AND(ISNUMBER(FIND(UPPER(Wordle!D6),UPPER(Wordle!$N$2))),UPPER(Wordle!D6)<>MID(UPPER(Wordle!$N$2),1,1))) | H3: =IF(Wordle!E6="","",AND(ISNUMBER(FIND(UPPER(Wordle!E6),UPPER(Wordle!$N$2))),UPPER(Wordle!E6)<>MID(UPPER(Wordle!$N$2),2,1))) | I3: =IF(Wordle!F6="","",AND(ISNUMBER(FIND(UPPER(Wordle!F6),UPPER(Wordle!$N$2))),UPPER(Wordle!F6)<>MID(UPPER(Wordle!$N$2),3,1))) | J3: =IF(Wordle!G6="","",AND(ISNUMBER(FIND(UPPER(Wordle!G6),UPPER(Wordle!$N$2))),UPPER(Wordle!G6)<>MID(UPPER(Wordle!$N$2),4,1))) | K3: =IF(Wordle!H6="","",AND(ISNUMBER(FIND(UPPER(Wordle!H6),UPPER(Wordle!$N$2))),UPPER(Wordle!H6)<>MID(UPPER(Wordle!$N$2),5,1)))
A6: =IF(Wordle!D7="","",UPPER(Wordle!D7)=MID(UPPER(Wordle!$N$2),1,1)) | B6: =IF(Wordle!E7="","",UPPER(Wordle!E7)=MID(UPPER(Wordle!$N$2),2,1)) | C6: =IF(Wordle!F7="","",UPPER(Wordle!F7)=MID(UPPER(Wordle!$N$2),3,1)) | D6: =IF(Wordle!G7="","",UPPER(Wordle!G7)=MID(UPPER(Wordle!$N$2),4,1)) | E6: =IF(Wordle!H7="","",UPPER(Wordle!H7)=MID(UPPER(Wordle!$N$2),5,1)) | G6: =IF(Wordle!D7="","",AND(ISNUMBER(FIND(UPPER(Wordle!D7),UPPER(Wordle!$N$2))),UPPER(Wordle!D7)<>MID(UPPER(Wordle!$N$2),1,1))) | H6: =IF(Wordle!E7="","",AND(ISNUMBER(FIND(UPPER(Wordle!E7),UPPER(Wordle!$N$2))),UPPER(Wordle!E7)<>MID(UPPER(Wordle!$N$2),2,1))) | I6: =IF(Wordle!F7="","",AND(ISNUMBER(FIND(UPPER(Wordle!F7),UPPER(Wordle!$N$2))),UPPER(Wordle!F7)<>MID(UPPER(Wordle!$N$2),3,1))) | J6: =IF(Wordle!G7="","",AND(ISNUMBER(FIND(UPPER(Wordle!G7),UPPER(Wordle!$N$2))),UPPER(Wordle!G7)<>MID(UPPER(Wordle!$N$2),4,1))) | K6: =IF(Wordle!H7="","",AND(ISNUMBER(FIND(UPPER(Wordle!H7),UPPER(Wordle!$N$2))),UPPER(Wordle!H7)<>MID(UPPER(Wordle!$N$2),5,1)))
A7: =IF(Wordle!D8="","",UPPER(Wordle!D8)=MID(UPPER(Wordle!$N$2),1,1)) | B7: =IF(Wordle!E8="","",UPPER(Wordle!E8)=MID(UPPER(Wordle!$N$2),2,1)) | C7: =IF(Wordle!F8="","",UPPER(Wordle!F8)=MID(UPPER(Wordle!$N$2),3,1)) | D7: =IF(Wordle!G8="","",UPPER(Wordle!G8)=MID(UPPER(Wordle!$N$2),4,1)) | E7: =IF(Wordle!H8="","",UPPER(Wordle!H8)=MID(UPPER(Wordle!$N$2),5,1)) | G7: =IF(Wordle!D8="","",AND(ISNUMBER(FIND(UPPER(Wordle!D8),UPPER(Wordle!$N$2))),UPPER(Wordle!D8)<>MID(UPPER(Wordle!$N$2),1,1))) | H7: =IF(Wordle!E8="","",AND(ISNUMBER(FIND(UPPER(Wordle!E8),UPPER(Wordle!$N$2))),UPPER(Wordle!E8)<>MID(UPPER(Wordle!$N$2),2,1))) | I7: =IF(Wordle!F8="","",AND(ISNUMBER(FIND(UPPER(Wordle!F8),UPPER(Wordle!$N$2))),UPPER(Wordle!F8)<>MID(UPPER(Wordle!$N$2),3,1))) | J7: =IF(Wordle!G8="","",AND(ISNUMBER(FIND(UPPER(Wordle!G8),UPPER(Wordle!$N$2))),UPPER(Wordle!G8)<>MID(UPPER(Wordle!$N$2),4,1))) | K7: =IF(Wordle!H8="","",AND(ISNUMBER(FIND(UPPER(Wordle!H8),UPPER(Wordle!$N$2))),UPPER(Wordle!H8)<>MID(UPPER(Wordle!$N$2),5,1)))
A8: =IF(Wordle!D9="","",UPPER(Wordle!D9)=MID(UPPER(Wordle!$N$2),1,1)) | B8: =IF(Wordle!E9="","",UPPER(Wordle!E9)=MID(UPPER(Wordle!$N$2),2,1)) | C8: =IF(Wordle!F9="","",UPPER(Wordle!F9)=MID(UPPER(Wordle!$N$2),3,1)) | D8: =IF(Wordle!G9="","",UPPER(Wordle!G9)=MID(UPPER(Wordle!$N$2),4,1)) | E8: =IF(Wordle!H9="","",UPPER(Wordle!H9)=MID(UPPER(Wordle!$N$2),5,1)) | G8: =IF(Wordle!D9="","",AND(ISNUMBER(FIND(UPPER(Wordle!D9),UPPER(Wordle!$N$2))),UPPER(Wordle!D9)<>MID(UPPER(Wordle!$N$2),1,1))) | H8: =IF(Wordle!E9="","",AND(ISNUMBER(FIND(UPPER(Wordle!E9),UPPER(Wordle!$N$2))),UPPER(Wordle!E9)<>MID(UPPER(Wordle!$N$2),2,1))) | I8: =IF(Wordle!F9="","",AND(ISNUMBER(FIND(UPPER(Wordle!F9),UPPER(Wordle!$N$2))),UPPER(Wordle!F9)<>MID(UPPER(Wordle!$N$2),3,1))) | J8: =IF(Wordle!G9="","",AND(ISNUMBER(FIND(UPPER(Wordle!G9),UPPER(Wordle!$N$2))),UPPER(Wordle!G9)<>MID(UPPER(Wordle!$N$2),4,1))) | K8: =IF(Wordle!H9="","",AND(ISNUMBER(FIND(UPPER(Wordle!H9),UPPER(Wordle!$N$2))),UPPER(Wordle!H9)<>MID(UPPER(Wordle!$N$2),5,1)))
A9: =IF(Wordle!D10="","",UPPER(Wordle!D10)=MID(UPPER(Wordle!$N$2),1,1)) | B9: =IF(Wordle!E10="","",UPPER(Wordle!E10)=MID(UPPER(Wordle!$N$2),2,1)) | C9: =IF(Wordle!F10="","",UPPER(Wordle!F10)=MID(UPPER(Wordle!$N$2),3,1)) | D9: =IF(Wordle!G10="","",UPPER(Wordle!G10)=MID(UPPER(Wordle!$N$2),4,1)) | E9: =IF(Wordle!H10="","",UPPER(Wordle!H10)=MID(UPPER(Wordle!$N$2),5,1)) | G9: =IF(Wordle!D10="","",AND(ISNUMBER(FIND(UPPER(Wordle!D10),UPPER(Wordle!$N$2))),UPPER(Wordle!D10)<>MID(UPPER(Wordle!$N$2),1,1))) | H9: =IF(Wordle!E10="","",AND(ISNUMBER(FIND(UPPER(Wordle!E10),UPPER(Wordle!$N$2))),UPPER(Wordle!E10)<>MID(UPPER(Wordle!$N$2),2,1))) | I9: =IF(Wordle!F10="","",AND(ISNUMBER(FIND(UPPER(Wordle!F10),UPPER(Wordle!$N$2))),UPPER(Wordle!F10)<>MID(UPPER(Wordle!$N$2),3,1))) | J9: =IF(Wordle!G10="","",AND(ISNUMBER(FIND(UPPER(Wordle!G10),UPPER(Wordle!$N$2))),UPPER(Wordle!G10)<>MID(UPPER(Wordle!$N$2),4,1))) | K9: =IF(Wordle!H10="","",AND(ISNUMBER(FIND(UPPER(Wordle!H10),UPPER(Wordle!$N$2))),UPPER(Wordle!H10)<>MID(UPPER(Wordle!$N$2),5,1)))
A10: =IF(Wordle!D11="","",UPPER(Wordle!D11)=MID(UPPER(Wordle!$N$2),1,1)) | B10: =IF(Wordle!E11="","",UPPER(Wordle!E11)=MID(UPPER(Wordle!$N$2),2,1)) | C10: =IF(Wordle!F11="","",UPPER(Wordle!F11)=MID(UPPER(Wordle!$N$2),3,1)) | D10: =IF(Wordle!G11="","",UPPER(Wordle!G11)=MID(UPPER(Wordle!$N$2),4,1)) | E10: =IF(Wordle!H11="","",UPPER(Wordle!H11)=MID(UPPER(Wordle!$N$2),5,1)) | G10: =IF(Wordle!D11="","",AND(ISNUMBER(FIND(UPPER(Wordle!D11),UPPER(Wordle!$N$2))),UPPER(Wordle!D11)<>MID(UPPER(Wordle!$N$2),1,1))) | H10: =IF(Wordle!E11="","",AND(ISNUMBER(FIND(UPPER(Wordle!E11),UPPER(Wordle!$N$2))),UPPER(Wordle!E11)<>MID(UPPER(Wordle!$N$2),2,1))) | I10: =IF(Wordle!F11="","",AND(ISNUMBER(FIND(UPPER(Wordle!F11),UPPER(Wordle!$N$2))),UPPER(Wordle!F11)<>MID(UPPER(Wordle!$N$2),3,1))) | J10: =IF(Wordle!G11="","",AND(ISNUMBER(FIND(UPPER(Wordle!G11),UPPER(Wordle!$N$2))),UPPER(Wordle!G11)<>MID(UPPER(Wordle!$N$2),4,1))) | K10: =IF(Wordle!H11="","",AND(ISNUMBER(FIND(UPPER(Wordle!H11),UPPER(Wordle!$N$2))),UPPER(Wordle!H11)<>MID(UPPER(Wordle!$N$2),5,1)))

Sheet SharpCell
A1: =COUNTA(Wordle!A1:Z200) -> 87 | B1: 1234.5
A2: {=_xlfn.SEQUENCE(3)} -> 1
A3: 2
A4: 3
