Workbook

Sheet Plan
A1: =Settings!B3&" · PROJECT PLAN" -> IronCalc v1.0 · PROJECT PLAN
A2: Read-only sheet. Edit data in 'Tasks' and 'Settings' | I2: =I3 -> 46305 | J2: =IF(DAY(J3)=1,J3,"") | K2: =IF(DAY(K3)=1,K3,"") | L2: =IF(DAY(L3)=1,L3,"") | M2: =IF(DAY(M3)=1,M3,"") | N2: =IF(DAY(N3)=1,N3,"") | O2: =IF(DAY(O3)=1,O3,"") | P2: =IF(DAY(P3)=1,P3,"") | Q2: =IF(DAY(Q3)=1,Q3,"") | ... DX2: =IF(DAY(DX3)=1,DX3,"")
A3: # | B3: Phase | C3: Task | D3: Owner | E3: Start Date | F3: Days | G3: End Date | H3: % Done | I3: =Settings!$B$6 -> 46305 | J3: =I3+1 -> 46306 | K3: =J3+1 -> 46307 | L3: =K3+1 -> 46308 | M3: =L3+1 -> 46309 | N3: =M3+1 -> 46310 | O3: =N3+1 -> 46311 | P3: =O3+1 -> 46312 | Q3: =P3+1 -> 46313 | ... DX3: =DW3+1 -> 46424
A4: added by SharpCell
A6: =Tasks!A6 -> 1 | B6: =Tasks!B6 -> Planning | C6: =Tasks!C6 -> Define scope & goals | D6: =Tasks!D6 -> John | E6: =Tasks!E6 -> 46305 | F6: =Tasks!F6 -> 4 | G6: =Tasks!G6 -> 46309 | H6: =Tasks!H6 -> 0.5
A7: =Tasks!A7 -> 2 | B7: =Tasks!B7 -> Planning | C7: =Tasks!C7 -> Stakeholder interviews | D7: =Tasks!D7 -> John | E7: =Tasks!E7 -> 46309 | F7: =Tasks!F7 -> 3 | G7: =Tasks!G7 -> 46312 | H7: =Tasks!H7 -> 0.2
A8: =Tasks!A8 -> 3 | B8: =Tasks!B8 -> Planning | C8: =Tasks!C8 -> Requirements doc | D8: =Tasks!D8 -> John | E8: =Tasks!E8 -> 46312 | F8: =Tasks!F8 -> 5 | G8: =Tasks!G8 -> 46317 | H8: =Tasks!H8 -> 0.8
A9: =Tasks!A9 -> 4 | B9: =Tasks!B9 -> Planning | C9: =Tasks!C9 -> Tech stack decision | D9: =Tasks!D9 -> Jane | E9: =Tasks!E9 -> 46317 | F9: =Tasks!F9 -> 3 | G9: =Tasks!G9 -> 46320 | H9: =Tasks!H9 -> 0.6
A10: =Tasks!A10 -> 5 | B10: =Tasks!B10 -> Design | C10: =Tasks!C10 -> UX wireframes | D10: =Tasks!D10 -> Jane | E10: =Tasks!E10 -> 46320 | F10: =Tasks!F10 -> 6 | G10: =Tasks!G10 -> 46326 | H10: =Tasks!H10 -> 0.1
A11: =Tasks!A11 -> 6 | B11: =Tasks!B11 -> Design | C11: =Tasks!C11 -> Design system / tokens | D11: =Tasks!D11 -> Jane | E11: =Tasks!E11 -> 46326 | F11: =Tasks!F11 -> 5 | G11: =Tasks!G11 -> 46331 | H11: =Tasks!H11 -> 0.2
A12: =Tasks!A12 -> 7 | B12: =Tasks!B12 -> Design | C12: =Tasks!C12 -> Prototype review | D12: =Tasks!D12 -> John | E12: =Tasks!E12 -> 46331 | F12: =Tasks!F12 -> 3 | G12: =Tasks!G12 -> 46334 | H12: =Tasks!H12 -> 0
A13: =Tasks!A13 -> 8 | B13: =Tasks!B13 -> Dev | C13: =Tasks!C13 -> Spreadsheet engine core | D13: =Tasks!D13 -> Jane | E13: =Tasks!E13 -> 46334 | F13: =Tasks!F13 -> 8 | G13: =Tasks!G13 -> 46342 | H13: =Tasks!H13 -> 0
A14: =Tasks!A14 -> 9 | B14: =Tasks!B14 -> Dev | C14: =Tasks!C14 -> Formula parser v2 | D14: =Tasks!D14 -> Jane | E14: =Tasks!E14 -> 46342 | F14: =Tasks!F14 -> 2 | G14: =Tasks!G14 -> 46344 | H14: =Tasks!H14 -> 0
A15: =Tasks!A15 -> 10 | B15: =Tasks!B15 -> Dev | C15: =Tasks!C15 -> Frontend components | D15: =Tasks!D15 -> John | E15: =Tasks!E15 -> 46344 | F15: =Tasks!F15 -> 3 | G15: =Tasks!G15 -> 46347 | H15: =Tasks!H15 -> 0
A16: =Tasks!A16 -> 11 | B16: =Tasks!B16 -> Dev | C16: =Tasks!C16 -> WebAssembly build | D16: =Tasks!D16 -> John | E16: =Tasks!E16 -> 46347 | F16: =Tasks!F16 -> 8 | G16: =Tasks!G16 -> 46355 | H16: =Tasks!H16 -> 0
A17: =Tasks!A17 -> 12 | B17: =Tasks!B17 -> Dev | C17: =Tasks!C17 -> API integration | D17: =Tasks!D17 -> Jane | E17: =Tasks!E17 -> 46355 | F17: =Tasks!F17 -> 10 | G17: =Tasks!G17 -> 46365 | H17: =Tasks!H17 -> 0
... A25: =Tasks!A25 -> 20 | B25: =Tasks!B25 -> Launch | C25: =Tasks!C25 -> v1.0 release 🚀 | D25: =Tasks!D25 -> John | E25: =Tasks!E25 -> 46398 | F25: =Tasks!F25 -> 2 | G25: =Tasks!G25 -> 46400 | H25: =Tasks!H25 -> 0

Sheet Tasks
A1: TASK INPUT
A2: Edit here (plan updates automatically)
A3: # | B3: Phase | C3: Task Name | D3: Owner | E3: Start Date | F3: Days | G3: End Date | H3: % Done | I3: Notes
A6: 1 | B6: Planning | C6: Define scope & goals | D6: John | E6: =TODAY() -> 46305 | F6: 4 | G6: =E6+F6 -> 46309 | H6: 0.5
A7: 2 | B7: Planning | C7: Stakeholder interviews | D7: John | E7: =G6 -> 46309 | F7: 3 | G7: =E7+F7 -> 46312 | H7: 0.2
A8: 3 | B8: Planning | C8: Requirements doc | D8: John | E8: =G7 -> 46312 | F8: 5 | G8: =E8+F8 -> 46317 | H8: 0.8
A9: 4 | B9: Planning | C9: Tech stack decision | D9: Jane | E9: =G8 -> 46317 | F9: 3 | G9: =E9+F9 -> 46320 | H9: 0.6
A10: 5 | B10: Design | C10: UX wireframes | D10: Jane | E10: =G9 -> 46320 | F10: 6 | G10: =E10+F10 -> 46326 | H10: 0.1
A11: 6 | B11: Design | C11: Design system / tokens | D11: Jane | E11: =G10 -> 46326 | F11: 5 | G11: =E11+F11 -> 46331 | H11: 0.2
A12: 7 | B12: Design | C12: Prototype review | D12: John | E12: =G11 -> 46331 | F12: 3 | G12: =E12+F12 -> 46334 | H12: 0
A13: 8 | B13: Dev | C13: Spreadsheet engine core | D13: Jane | E13: =G12 -> 46334 | F13: 8 | G13: =E13+F13 -> 46342 | H13: 0
A14: 9 | B14: Dev | C14: Formula parser v2 | D14: Jane | E14: =G13 -> 46342 | F14: 2 | G14: =E14+F14 -> 46344 | H14: 0
A15: 10 | B15: Dev | C15: Frontend components | D15: John | E15: =G14 -> 46344 | F15: 3 | G15: =E15+F15 -> 46347 | H15: 0
A16: 11 | B16: Dev | C16: WebAssembly build | D16: John | E16: =G15 -> 46347 | F16: 8 | G16: =E16+F16 -> 46355 | H16: 0
A17: 12 | B17: Dev | C17: API integration | D17: Jane | E17: =G16 -> 46355 | F17: 10 | G17: =E17+F17 -> 46365 | H17: 0
A18: 13 | B18: Testing | C18: Unit test suite | D18: John | E18: =G17 -> 46365 | F18: 6 | G18: =E18+F18 -> 46371 | H18: 0
... A25: 20 | B25: Launch | C25: v1.0 release 🚀 | D25: John | E25: =G24 -> 46398 | F25: 2 | G25: =E25+F25 -> 46400 | H25: 0
A26: 21
A27: 22
A28: 23
A29: 24
A30: 25
A31: 26
A32: 27
A33: 28
A34: 29
A35: 30
A36: 31
A37: 32
... A45: 40

Sheet Settings
A1: PROJECT SETTINGS
A3: Project Name | B3: IronCalc v1.0 | C3: Name shown on the Plan header
A6: Project Start | B6: =_xlfn.MINIFS(Tasks!E6:E45,Tasks!C6:C45,"<>") -> 46305 | C6: First date shown on the Gantt timeline
A7: Days to show | B7: 120 | C7: Number of calendar days in the Gantt (max ~120)
A8: Today | B8: =TODAY() -> 46305 | C8: Auto, do not edit
A9: Owner 1 | B9: John
A10: Owner 2 | B10: Jane
A11: Owner 3
A12: Owner 4
A14: Phase colours (reference)
A16: Planning
A17: Design
A18: Dev
A19: Testing
A20: Launch
A21: Other

Sheet METADATA
A2: NOW | B2: =NOW() -> 46305.999

Sheet SharpCell
A1: =COUNTA(Plan!A1:Z200) -> 207 | B1: 1234.5
A2: {=_xlfn.SEQUENCE(3)} -> 1
A3: 2
A4: 3
